{
  "total_time_seconds": 1345.7703127861023,
  "average_time_per_question_seconds": 1.3457703127861023
}